<?xml version="1.0" encoding="UTF-8"?>
<CustomField xmlns="http://soap.sforce.com/2006/04/metadata">
    <fullName>CertificateName__c</fullName>
    <description>Certificate name for API callout</description>
    <externalId>false</externalId>
    <fieldManageability>SubscriberControlled</fieldManageability>
    <inlineHelpText>Certificate name for API callout</inlineHelpText>
    <label>CertificateName</label>
    <length>255</length>
    <required>false</required>
    <type>Text</type>
    <unique>false</unique>
</CustomField>
