<?xml version="1.0" encoding="UTF-8"?>
<CustomField xmlns="http://soap.sforce.com/2006/04/metadata">
    <fullName>Timeout__c</fullName>
    <defaultValue>120000</defaultValue>
    <description>Request Timeout for the API Callout</description>
    <externalId>false</externalId>
    <fieldManageability>SubscriberControlled</fieldManageability>
    <inlineHelpText>Request Timeout for the API Callout</inlineHelpText>
    <label>Timeout</label>
    <precision>18</precision>
    <required>false</required>
    <scale>0</scale>
    <type>Number</type>
    <unique>false</unique>
</CustomField>
