<?xml version="1.0" encoding="UTF-8"?>
<CustomMetadata xmlns="http://soap.sforce.com/2006/04/metadata" xmlns:xsi="http://www.w3.org/2001/XMLSchema-instance" xmlns:xsd="http://www.w3.org/2001/XMLSchema">
    <label>Test Metadata</label>
    <protected>false</protected>
    <values>
        <field>Body__c</field>
        <value xsi:type="xsd:string">{
    &quot;Input&quot;:&quot;Test Input&quot;
}</value>
    </values>
    <values>
        <field>CertificateName__c</field>
        <value xsi:nil="true"/>
    </values>
    <values>
        <field>Endpoint__c</field>
        <value xsi:type="xsd:string">https://www.test.com</value>
    </values>
    <values>
        <field>HeaderParameters__c</field>
        <value xsi:type="xsd:string">key1:
key2:value2
key3:value3</value>
    </values>
    <values>
        <field>IsCompressed__c</field>
        <value xsi:type="xsd:boolean">true</value>
    </values>
    <values>
        <field>Method__c</field>
        <value xsi:type="xsd:string">POST</value>
    </values>
    <values>
        <field>Timeout__c</field>
        <value xsi:type="xsd:double">120000.0</value>
    </values>
    <values>
        <field>URLParameters__c</field>
        <value xsi:type="xsd:string">key1:
key2:value2</value>
    </values>
</CustomMetadata>
